{"cameraMode":{"drawMode":0,"name":"Shaded","section":"Shading Mode"},"sceneLighting":true,"audioPlay":false,"sceneViewState":{"showFog":true,"showMaterialUpdate":false,"showSkybox":true,"showFlares":true,"showImageEffects":true,"showParticleSystems":true},"in2DMode":false,"pivot":{"x":667.4884033203125,"y":127.91754150390625,"z":-0.0816650390625},"rotation":{"x":-0.011995787732303143,"y":0.025495342910289766,"z":-0.00030595468706451356,"w":-0.9996029734611511},"size":669.5086059570313,"orthographic":false}